path,hash_name,title,content,format
root_top,,ご案内,当ホームページは、府立第五高等女学校及び都立富士高等学校卒業生の同窓会組織「若竹会」の公式ホームページです。,
root,,校舎写真,"<div class=""center"">
[[M_A01.jpg(95,80):thumb]]&nbsp;
[[M_F01.jpg(109,80):thumb]]&nbsp;
[[M_S01.jpg(107,80):thumb]]
</div>",html
root_side,,2014/3/29 都立富士高校・付属中学校管弦楽部　第47回 定期演奏会 開催のお知らせ,[[20140329a.jpg:thumb]],
root_side,,9月14、15日　第61回富士祭が開催されました。,"[[20130914a.jpg:thumb]]
[[20130914b.jpg:thumb]]
[[20130914c.jpg:thumb]]
[[20130914d.jpg:thumb]]",
root_side,,9月14、15日　第61回富士祭が開催されます。,"[[20130814a.jpg:thumb]]
[[20130814b.jpg:thumb]]",
root_side,,校舎屋上からの富士山<br>－今年異動された小川先生ご撮影－,"[[P1020968.jpg:thumb]]
[[P1040088.jpg:thumb]]",
whats_new,whats_new,更新履歴,"<div class=""monospace"">2014/02/24　トップページ 管弦楽部 第47回定期演奏会開催のお知らせ
2013/11/26　「事務局からのお知らせ」第2回若竹会主催講演会開催のお知らせ
2013/10/16　「事務局からのお知らせ」管弦楽団47周年記念演奏会のお知らせ
2013/09/20　アーカイブに第61回富士祭の写真を追加
2013/09/13　アーカイブに第61回富士祭のポスターを追加
2013/09/12　「事務局からのお知らせ」第61回富士祭開催のお知らせ
2013/08/23　「事務局からのお知らせ」高校35回卒3年I組のクラス会のお知らせ
2013/06/19　アーカイブに体育祭の写真を追加
2013/04/15　アーカイブに平成25年度入学式写真を追加
2013/04/09　「事務局からのお知らせ」本日、平成25年度入学式が挙行されました
2013/03/24　アーカイブに付属中学校第１回卒業式の写真を追加
2013/03/22　「事務局からのお知らせ」附属中学校第１回卒業式が行われました
2013/03/21　「事務局からのお知らせ」附属中学校管弦楽部定期演奏会のお知らせ
2013/03/14　アーカイブに第65回卒業式の写真を追加
2013/03/14　「事務局からのお知らせ」卒業式が挙行されました
2013/01/31　アーカイブに会報「若竹」４０号を掲載
2012/12/20　「会員連絡先変更届」ページを新設。住所変更の連絡等はこちらからどうぞ
2012/11/10　アーカイブに創立九十周年記念誌全文を追加
2012/11/05　「事務局からのお知らせ」開校記念日と白寿のお祝い発送のお知らせ
2012/11/02　アーカイブにギタリスト小林信一氏軽音部訪問の写真を追加
2012/09/30　「事務局からのお知らせ」第1回若竹会主催講演会開催のお知らせ
2012/09/30　アーカイブに第60回富士祭の写真を追加
2012/09/04　「事務局からのお知らせ」若竹会も第60回富士祭に参加します
2012/09/04　アーカイブに第60回富士祭開催のお知らせを追加
2012/05/28　「若竹会について」－「役員名簿」を更新しました
2012/05/14　アーカイブに「校舎屋上からの富士山 -今年異動された小川先生ご撮影-写真」を追加
2012/05/14　アーカイブに「平成24年度入学式の写真」を追加
2012/05/04　「事務局からのお知らせ」4/21役員会が開かれました
2012/05/04　「事務局からのお知らせ」4/7入学式が挙行されました
2012/03/18　アーカイブに第64回卒業式の写真を追加
2012/03/18　トップページに「都立富士高校管弦楽部第45回定期演奏会のお知らせ」を掲載
2012/03/16　アーカイブに「若竹會誌第五號 - 白石先生記念號 -」を掲載
2012/03/11　アーカイブに「若竹會誌第二號」を掲載
2012/02/29　アーカイブに合唱祭　なかのZERO大ホールの写真を追加
2012/02/29　「事務局からのお知らせ」2/18役員会が開かれました
2012/02/25　「リンク集」富士高1971同期会日替わりブログへのリンクを追加しました
2012/01/31　「リンク集」富士高山岳部OB会へのリンクを修正しました
2011/12/17　「事務局からのお知らせ」所蔵絵画について情報提供をお願いします
2011/12/17　トップページに「若竹会所蔵絵画で偲ぶ旧校舎」を掲載しました
2011/12/16　「事務局からのお知らせ」過日開催の役員会写真を追加しました
2011/11/08　「事務局からのお知らせ」白寿のお祝いの手紙を発送しました
2011/10/11　「事務局からのお知らせ」第2回 富士オケの仲間たちの演奏会のご案内掲載
2011/09/28　アーカイブに会報「若竹」３９号を掲載
2011/09/26　トップページに「第59回富士祭」のスナップを掲載
2011/09/25　「事務局からのお知らせ」『若竹』90周年記念号とDVDが発送されました
2011/09/22　「事務局からのお知らせ」若竹会主催のイベント開催へのご意見を募集します
2011/09/16　「事務局からのお知らせ」90周年記念DVDビデオ発送のお知らせを掲載
2011/09/05　「事務局からのお知らせ」第59回富士祭のお知らせを掲載
2011/07/31　トップページに「近況　2011年度理事会など」のスナップを掲載
2011/06/30　役員会だよりを追加しました
2011/06/12　トップページに「平成２３年度体育祭」のスナップを掲載
2011/05/05　「会員からの告知板」のテスト運用を開始
2011/04/12　トップページに「平成２３年度入学式」のスナップを掲載
2011/03/09　トップページに「平成２２年度卒業式」のスナップを掲載
2011/03/08　「事務局からのお知らせ」写真部の関東地区高等学校写真展出品を記念した垂れ幕を紹介
2011/02/04　「事務局からのお知らせ」会報「若竹」90周年記念号への寄稿のお願いを追加
2011/01/25　アーカイブにPTA主催90周年記念行事の写真を追加しました
2010/12/21　藤井校長ご退職、久永哲雄新校長ご着任に伴い「若竹会について」-「役員名簿」を更新
2010/12/20　アーカイブに創立90周年記念総会の写真を掲載しました
2010/10/08　「事務局からのお知らせ」記念総会(祝賀会)は当日参加可能となりました。
2010/10/08　[緊急]「事務局からのお知らせ」にて記念総会(祝賀会)のお手伝い募集中です
2010/09/29　事務局から総会申し込み延長のお知らせ
2010/09/14　事務局からのお知らせを追加しました
2010/08/16　アーカイブに会報「若竹」３８号を掲載しました
2010/07/25　トップページに新校章をアップしました
2010/07/05　昭和50年卒ＨＰにリンクを追加しました
2010/06/27　役員会だよりを追加しました
2010/04/14　事務局からのお知らせを追加しました
2010/03/05　事務局からのお知らせを追加しました
2010/01/28　事務局からのお知らせを追加しました
2009/12/31　富士高山岳部ＯＢ会にリンクを追加しました
2009/12/08　事務局からのお知らせをリニューアルしました
2009/11/03　アーカイブに会報「若竹」３７号を掲載しました
2009/10/15　ホームページ正式開設しました</div>",
greeting,,役員会より,"<div class=""center"">[[greeting.jpg]]</div>",
about_us,,若竹会について,"<table width=""562"" border=""0"" cellspacing=""0"" cellpadding=""4"">
  <tbody><tr align=""center"">
    <td><a href=""kaisoku"">[[kaisoku_icon.jpg(128,128):nolink]]</a></td>
    <td><a href=""fusoku"">[[fusoku_icon.jpg(128,128):nolink]]</a></td>
    <td><a href=""meibo"">[[meibo_icon.jpg(128,128):nolink]]</a></td>
  </tr>
  <tr align=""center"">
    <td>&nbsp;</td>
    <td><a href=""history"">[[history_icon.jpg(128,128):nolink]]</a></td>
    <td>&nbsp;</td>
  </tr>
</tbody></table>",html
kaisoku,,若竹会会則,"<table width=""562"" border=""0"" cellspacing=""0"" cellpadding=""4"">
      <tbody><tr align=""left"" valign=""top"" bgcolor=""#CCFFFF"">
        <td width=""50"">第１章</td>
        <td width=""496"">総則</td>
        </tr>
      <tr align=""left"" valign=""top"">
        <td>第１条</td>
        <td>本会は東京都立富士高等学校若竹会と称する。</td>
        </tr>
      <tr align=""left"" valign=""top"">
        <td>第２条</td>
        <td>本会は会員相互の親睦を図り、合わせて母校の発展に寄与する事を目的とする。</td>
        </tr>
      <tr align=""left"" valign=""top"">
        <td>第３条</td>
        <td>本会事務所は東京都立富士高等学校内に置く。</td>
        </tr>
      <tr align=""left"" valign=""top"" bgcolor=""#CCFFFF"">
        <td>第２章</td>
        <td>会員</td>
      </tr>
      <tr align=""left"" valign=""top"">
        <td>第４条</td>
        <td>本会は東京府立第五高等女学校本科・同専攻科・東京都立第五高等女学校・同専攻科・同併設中学校・東京都立第五女子高等学校・東京都立富士高等学校卒業生並に中途退学者及び母校現職員並に旧職員を以って会員とする。</td>
      </tr>
      <tr align=""left"" valign=""top"">
        <td>第５条</td>
        <td>会員を次の２種に分つ。<table width=""480"" border=""0"" cellspacing=""0"" cellpadding=""4"">
  <tbody><tr align=""left"" valign=""top"">
    <td width=""55"">正会員</td>
    <td width=""409"">第４条の卒業生および中途退学者</td>
  </tr>
  <tr align=""left"" valign=""top"">
    <td>特別会員</td>
    <td>母校現職員および旧職員</td>
  </tr>
</tbody></table>
</td>
      </tr>
      <tr align=""left"" valign=""top"">
        <td>第６条</td>
        <td>本会に入会並に退会しようとする時はその旨を本会事務所に届出ねばならない。又会員で転居・改姓名・転住結婚等の場合はすぐその旨を本会事務所に通知する事とする。</td>
      </tr>
      <tr align=""left"" valign=""top"">
        <td>第７条</td>
        <td>本会員であって本会の名誉を毀損する行為のあった時は除名する事がある。</td>
      </tr>
      <tr align=""left"" valign=""top"" bgcolor=""#CCFFFF"">
        <td>第３章</td>
        <td>役員</td>
      </tr>
      <tr align=""left"" valign=""top"">
        <td>第８条</td>
        <td>本会に次の役員を置く。任期は３年とする。ただし再任は妨げない。
          <table width=""480"" border=""0"" cellspacing=""0"" cellpadding=""4"">
            <tbody><tr align=""left"" valign=""top"">
              <td width=""90"">&nbsp;</td>
              <td width=""55"">会　長</td>
              <td width=""50"">１名</td>
              <td width=""253"">理事会において正会員中から選出する。<br>
                会長は会を代表し、会務を総括する。</td>
            </tr>
            <tr align=""left"" valign=""top"">
              <td>&nbsp;</td>
              <td>副会長</td>
              <td>２名</td>
              <td>理事会において正会員中から選出する。<br>
                副会長は会長を補佐し会長に事故のある時は代行する。</td>
            </tr>
            <tr align=""left"" valign=""top"">
              <td>&nbsp;</td>
              <td>名誉会長</td>
              <td>&nbsp;</td>
              <td>母校の学校長を推薦する。</td>
            </tr>
            <tr align=""left"" valign=""top"">
              <td>&nbsp;</td>
              <td>顧　問</td>
              <td>若干名</td>
              <td>現職員を会長から委嘱する。会務の遂行上、会長の諮問に応じ母校との連絡・調整にあたる。</td>
            </tr>
            <tr align=""left"" valign=""top"">
              <td>&nbsp;</td>
              <td>幹　事</td>
              <td>若干名</td>
              <td>会員中から会長が委嘱する。</td>
            </tr>
            <tr align=""left"" valign=""top"">
              <td>&nbsp;</td>
              <td>会　計</td>
              <td>２名</td>
              <td>理事会において正会員中から選出する。</td>
            </tr>
            <tr align=""left"" valign=""top"">
              <td>&nbsp;</td>
              <td>会計監査</td>
              <td>２名</td>
              <td>理事会において正会員中から選出する。</td>
            </tr>
          </tbody></table></td>
      </tr>
      <tr align=""left"" valign=""top"">
        <td>第９条</td>
        <td><table width=""480"" border=""0"" cellspacing=""0"" cellpadding=""0"">
          <tbody><tr align=""left"" valign=""top"">
            <td width=""55"">理　事</td>
            <td width=""409"">回卒毎に若干名ずつ選出する。会務の処理に当り会員との連絡を図る。理事は会長の命によって会務の遂行を図る。<br>
              委員は理事の指示によって会務の処理に当り会員との連絡を図る。</td>
			  </tr>
        </tbody></table></td>
      </tr>
      <tr align=""left"" valign=""top"" bgcolor=""#CCFFFF"">
        <td>第４章</td>
        <td>会務および機関</td>
      </tr>
      <tr align=""left"" valign=""top"">
        <td>第10条</td>
        <td>(会　務) 本会の目的達成の為に必要な緒活動を行う。</td>
      </tr>
      <tr align=""left"" valign=""top"">
        <td>第11条</td>
        <td>(総　会) 会員相互の親睦を図り、その向上の為理事会の決定によって総会を開く。</td>
      </tr>
      <tr align=""left"" valign=""top"">
        <td>第12条</td>
        <td>(理事会) 理事および役員で構成し、毎年１回開き会務の報告、役員の改選その他重要事項に関する決議をする。</td>
      </tr>
      <tr align=""left"" valign=""top"">
        <td>第13条</td>
        <td>(役員会) 適宜会長が召集し、予算、決算その他重要事項を協議する。</td>
      </tr>
      <tr align=""left"" valign=""top"">
        <td>第14条</td>
        <td>(その他） 会の目的のために必要な機関を設けることができる。</td>
      </tr>
      <tr align=""left"" valign=""top"" bgcolor=""#CCFFFF"">
        <td>第５章</td>
        <td>会計</td>
      </tr>
      <tr align=""left"" valign=""top"">
        <td>第15条</td>
        <td>本会の費用は会費および寄付金その他の収入で支弁する。<br>
          正会員は会費として卒業時までに金8,000円を納入する。<br>
          会費納入の方法は別に定める。</td>
      </tr>
      <tr align=""left"" valign=""top"">
        <td>第16条</td>
        <td>本会の会計年度は４月１日に始まり翌年３月31日に終る。</td>
      </tr>
      <tr align=""left"" valign=""top"">
        <td>第17条</td>
        <td>予算は毎年１月役員会の議決を経て決定する。<br>
          決算は役員会および理事会に報告し承認を得る。</td>
      </tr>
      <tr align=""left"" valign=""top"" bgcolor=""#CCFFFF"">
        <td>第６章</td>
        <td>支部</td>
      </tr>
      <tr align=""left"" valign=""top"">
        <td>第18条</td>
        <td>東京都以外の地方に住する会員が数名に達した時は支部を設ける事ができる。</td>
      </tr>
      <tr align=""left"" valign=""top"">
        <td>第19条</td>
        <td>支部を設立しようとする時は支部規則を作り支部長を設けて会長の承認を受けなければならない。</td>
      </tr>
      <tr align=""left"" valign=""top"">
        <td>第20条</td>
        <td>支部の経費は支部の負担とする。但し本会から援助することもある。</td>
      </tr>
      <tr align=""left"" valign=""top"">
        <td>第21条</td>
        <td>支部において行った事項は支部長において適宜本会に報告することとする。</td>
      </tr>
      <tr align=""left"" valign=""top"" bgcolor=""#CCFFFF"">
        <td>附則</td>
        <td>&nbsp;</td>
      </tr>
      <tr align=""left"" valign=""top"">
        <td>第22条</td>
        <td bgcolor=""#FFFFFF"">本会則の改正は理事会の議決による。</td>
      </tr>
      <tr align=""left"" valign=""top"">
        <td>&nbsp;</td>
        <td>&nbsp;</td>
      </tr>
    </tbody></table>",html
fusoku,,若竹会（同窓会）における会員の個人情報の取扱いについての附則,"<table width=""562"" border=""0"" cellspacing=""0"" cellpadding=""4"">
      <tbody><tr align=""left"" valign=""top"" bgcolor=""#CCFFCC"">
        <td colspan=""2"">第１条（附則の目的）</td>
        </tr>
      <tr align=""left"" valign=""top"">
        <td width=""90"">&nbsp;</td>
        <td width=""456"">本附則は、若竹会会員の個人情報（以下「会員データ」と称する）の保護に関し、必要な事項を定めることにより、会員データの保護と、信頼される同窓会の実現を図ることを目的とする。</td>
        </tr>
      <tr align=""left"" valign=""top"" bgcolor=""#CCFFCC"">
        <td colspan=""2"">第２条（会員データの定義と項目）</td>
        </tr>
      <tr align=""left"" valign=""top"">
        <td>&nbsp;</td>
        <td><p>会員データとは、若竹会事務局が管理している、会則に定める会員の情報をいう。<br>
            また、管理する個人情報の項目は下記のとおりとする。<br>
            ・氏名/卒業生(卒回)/現住所/現住所の連絡電話番号/勤務先名/勤務先の連絡電話番号）</p>
          </td>
      </tr>
      <tr align=""left"" valign=""top"" bgcolor=""#CCFFCC"">
        <td colspan=""2"">第３条（個人情報の利用目的）</td>
        </tr>
      <tr align=""left"" valign=""top"">
        <td>&nbsp;</td>
        <td>若竹会は下記の目的に個人情報を利用するものとする。<br>
          ・若竹会からの各種通信文書の発送（会誌、クラス会、同期会、支部会等を含む）<br>
          ・会員名簿の作成<br>
          ・その他、会則に定める事業の遂行に必要と判断される諸事業</td>
      </tr>
      <tr align=""left"" valign=""top"" bgcolor=""#CCFFCC"">
        <td colspan=""2"">第４条（会員データ管理責任者の設置）</td>
        </tr>
      <tr align=""left"" valign=""top"">
        <td>&nbsp;</td>
        <td>若竹会は会員データを厳格適正に維持管理し、会員の個人情報の安全保護を図るため若竹会事務局内に「会員データ管理責任者」を置く。</td>
      </tr>
      <tr align=""left"" valign=""top"" bgcolor=""#CCFFCC"">
        <td colspan=""2"">第５条（管理者の責務）</td>
        </tr>
      <tr align=""left"" valign=""top"">
        <td>&nbsp;</td>
        <td>若竹会事務局は、同窓会の目的に即した事業の遂行にあたり知り得た会員データをみだりにに第三者に漏らしたり、第３条の利用目的以外に使用してはならない。<br>
          また、管理責任者は、会員データを常に最新・正確なものに保つよう努めるものとする。</td>
      </tr>
      <tr align=""left"" valign=""top"" bgcolor=""#CCFFCC"">
        <td colspan=""2"">第６条（会員の責務）</td>
        </tr>
      <tr align=""left"" valign=""top"">
        <td>&nbsp;</td>
        <td>若竹会会員は、相互に個人情報の重要性を認識し、会員データは会員個人の利用目的の範囲を超えてはならず、また、第三者へ会員名簿及び会員データを提供してはならない。</td>
      </tr>
      <tr align=""left"" valign=""top"" bgcolor=""#CCFFCC"">
        <td colspan=""2"">第７条（会員データの利用申請）</td>
        </tr>
      <tr align=""left"" valign=""top"">
        <td>&nbsp;</td>
        <td>若竹会会員が会員相互の親睦を深め、または同窓会活動を活性化するために同期会、クラス会、支部会、ＯＢ会等を開催するにあたり、若竹会事務局を通して会員データを改めて取得しようとする時には、「会員データ管理責任者」に対して、所定の利用申請書により申し込まなければならない。</td>
      </tr>
      <tr align=""left"" valign=""top"">
        <td colspan=""2"" bgcolor=""#CCFFCC"">第８条（会員データの提供拒否）</td>
        </tr>
      <tr align=""left"" valign=""top"">
        <td>&nbsp;</td>
        <td>会員データ管理責任者は、会員データの利用申込にみ対し、不正な利用が疑われ、または適正な利用が妨げられると判断した場合は、利用申請者に対し会員データの提供を拒否することができる。</td>
      </tr>
      <tr align=""left"" valign=""top"" bgcolor=""#CCFFFF"">
        <td colspan=""2"" bgcolor=""#CCFFCC"">第９条（会員データの利用状況報告）</td>
        </tr>
      <tr align=""left"" valign=""top"">
        <td>&nbsp;</td>
        <td bgcolor=""#FFFFFF"">会員データ管理責任者は、随時、若竹会役員会に会員データの提供・利用状況を報告しなければならない。</td>
      </tr>
      <tr align=""left"" valign=""top"">
        <td colspan=""2"" bgcolor=""#CCFFCC"">第10条（自己情報の開示及び訂正、消去の請求）</td>
        </tr>
      <tr align=""left"" valign=""top"">
        <td>&nbsp;</td>
        <td>若竹会会員は、自己の会員データについて、いつでも開示の請求ができる。会員データ管理責任者は、請求者が本人であることを確認の上、開示請求に対応するものとする。また、自己の会員データに誤りがある場合は、若竹会事務局に訂正または消去の請求ができるものとする。</td>
      </tr>
      <tr align=""left"" valign=""top"">
        <td colspan=""2"" bgcolor=""#CCFFCC"">第11条（附則の変更）</td>
        </tr>
      <tr align=""left"" valign=""top"">
        <td>&nbsp;</td>
        <td>若竹会会員の個人情報保護のために、上記以外の定めが必要な場合、または変更の必要がある場合は、若竹会役員会にて協議し、若竹会理事会にて決定する。</td>
      </tr>
      <tr align=""left"" valign=""top"">
        <td colspan=""2"" bgcolor=""#CCFFCC"">制定・施行</td>
        </tr>
      <tr align=""left"" valign=""top"">
        <td>&nbsp;</td>
        <td>平成18年５月13日制定　この附則は平成18年７月１日から施行する。</td>
      </tr>
      <tr align=""left"" valign=""top"">
        <td>&nbsp;</td>
        <td>&nbsp;</td>
      </tr>
    </tbody></table>",html
meibo,,若竹会役員　及び　幹事　名簿　2012.05.28現在,"<table width=""562"" border=""0"" cellspacing=""0"" cellpadding=""4"">
      <tbody><tr align=""left"" valign=""top"">
        <td>&nbsp;</td>
        <td>&nbsp;</td>
        <td>&nbsp;</td>
        <td>&nbsp;</td>
        <td>&nbsp;</td>
      </tr>
      <tr align=""left"" valign=""top"">
        <td width=""120"">&nbsp;</td>
        <td width=""90"">名誉会長</td>
        <td width=""100"">久永　哲雄</td>
        <td width=""70"">現総括校長</td>
        <td width=""142"">&nbsp;</td>
      </tr>
      <tr align=""left"" valign=""top"">
        <td>&nbsp;</td>
        <td>&nbsp;</td>
        <td>&nbsp;</td>
        <td>&nbsp;</td>
        <td>&nbsp;</td>
      </tr>
      <tr align=""left"" valign=""top"">
        <td>&nbsp;</td>
        <td>会　　長</td>
        <td>須知　正度</td>
        <td>高１８</td>
        <td>&nbsp;</td>
      </tr>
      <tr align=""left"" valign=""top"">
        <td>&nbsp;</td>
        <td>&nbsp;</td>
        <td>&nbsp;</td>
        <td>&nbsp;</td>
        <td>&nbsp;</td>
      </tr>
      <tr align=""left"" valign=""top"">
        <td>&nbsp;</td>
        <td>副 会 長</td>
        <td>小森　杜喜子</td>
        <td>高１８</td>
        <td>&nbsp;</td>
      </tr>
      <tr align=""left"" valign=""top"">
        <td>&nbsp;</td>
        <td>同</td>
        <td>中山　修</td>
        <td>高１９</td>
        <td>&nbsp;</td>
      </tr>
      <tr align=""left"" valign=""top"">
        <td>&nbsp;</td>
        <td>&nbsp;</td>
        <td>&nbsp;</td>
        <td>&nbsp;</td>
        <td>&nbsp;</td>
      </tr>
      <tr align=""left"" valign=""top"">
        <td>&nbsp;</td>
        <td>会　  計</td>
        <td>前田　和子</td>
        <td>高１８</td>
        <td>&nbsp;</td>
      </tr>
      <tr align=""left"" valign=""top"">
        <td>&nbsp;</td>
        <td>同</td>
        <td>中山　光</td>
        <td>高４９</td>
        <td>現職、H24.4着任</td>
      </tr>
      <tr align=""left"" valign=""top"">
        <td>&nbsp;</td>
        <td>&nbsp;</td>
        <td>&nbsp;</td>
        <td>&nbsp;</td>
        <td>&nbsp;</td>
      </tr>
      <tr align=""left"" valign=""top"">
        <td>&nbsp;</td>
        <td>会計監査</td>
        <td>秋元　公彦</td>
        <td>高２４</td>
        <td>&nbsp;</td>
      </tr>
      <tr align=""left"" valign=""top"">
        <td>&nbsp;</td>
        <td>同</td>
        <td>落合　惠子</td>
        <td>高２７</td>
        <td>&nbsp;</td>
      </tr>
      <tr align=""left"" valign=""top"">
        <td>&nbsp;</td>
        <td>&nbsp;</td>
        <td>&nbsp;</td>
        <td>&nbsp;</td>
        <td>&nbsp;</td>
      </tr>
      <tr align=""left"" valign=""top"">
        <td>&nbsp;</td>
        <td>幹　事</td>
        <td>森本　静子</td>
        <td>本２４</td>
        <td>&nbsp;</td>
      </tr>
      <tr align=""left"" valign=""top"">
        <td>&nbsp;</td>
        <td>&nbsp;</td>
        <td>谷畑　充</td>
        <td>高９</td>
        <td>&nbsp;</td>
      </tr>
      <tr align=""left"" valign=""top"">
        <td>&nbsp;</td>
        <td>&nbsp;</td>
        <td>金森　克之</td>
        <td>高１６</td>
        <td>&nbsp;</td>
      </tr>
      <tr align=""left"" valign=""top"">
        <td>&nbsp;</td>
        <td>&nbsp;</td>
        <td>小菅　俊明</td>
        <td>高１６</td>
        <td>&nbsp;</td>
      </tr>
      <tr align=""left"" valign=""top"">
        <td>&nbsp;</td>
        <td>&nbsp;</td>
        <td>相川　浩之</td>
        <td>高２７</td>
        <td>&nbsp;</td>
      </tr>
      <tr align=""left"" valign=""top"">
        <td>&nbsp;</td>
        <td>&nbsp;</td>
        <td>吉田　裕之</td>
        <td>高３２</td>
        <td>&nbsp;</td>
      </tr>
      <tr align=""left"" valign=""top"">
        <td>&nbsp;</td>
        <td>&nbsp;</td>
        <td>大島　加奈子</td>
        <td>高３９</td>
        <td>&nbsp;</td>
      </tr>
      <tr align=""left"" valign=""top"">
        <td>&nbsp;</td>
        <td>&nbsp;</td>
        <td>小沼　史彦</td>
        <td>高３９</td>
        <td>&nbsp;</td>
      </tr>
      <tr align=""left"" valign=""top"">
        <td>&nbsp;</td>
        <td>&nbsp;</td>
        <td>加藤　拓磨</td>
        <td>高５０</td>
        <td>&nbsp;</td>
      </tr>
      <tr align=""left"" valign=""top"">
        <td>&nbsp;</td>
        <td>&nbsp;</td>
        <td>&nbsp;</td>
        <td>&nbsp;</td>
        <td>&nbsp;</td>
      </tr>
    </tbody></table>",html
history,,沿革,"<table width=""562"" border=""0"" cellspacing=""0"" cellpadding=""4"">
      <tbody><tr align=""left"" valign=""top"">
        <td>&nbsp;</td>
        <td>&nbsp;</td>
        <td>&nbsp;</td>
        <td>&nbsp;</td>
        <td>&nbsp;</td>
      </tr>
      <tr align=""left"" valign=""top"">
        <td width=""120"">&nbsp;</td>
        <td width=""90"">名誉会長</td>
        <td width=""100"">久永　哲雄</td>
        <td width=""70"">現総括校長</td>
        <td width=""142"">&nbsp;</td>
      </tr>
      <tr align=""left"" valign=""top"">
        <td>&nbsp;</td>
        <td>&nbsp;</td>
        <td>&nbsp;</td>
        <td>&nbsp;</td>
        <td>&nbsp;</td>
      </tr>
      <tr align=""left"" valign=""top"">
        <td>&nbsp;</td>
        <td>会　　長</td>
        <td>須知　正度</td>
        <td>高１８</td>
        <td>&nbsp;</td>
      </tr>
      <tr align=""left"" valign=""top"">
        <td>&nbsp;</td>
        <td>&nbsp;</td>
        <td>&nbsp;</td>
        <td>&nbsp;</td>
        <td>&nbsp;</td>
      </tr>
      <tr align=""left"" valign=""top"">
        <td>&nbsp;</td>
        <td>副 会 長</td>
        <td>小森　杜喜子</td>
        <td>高１８</td>
        <td>&nbsp;</td>
      </tr>
      <tr align=""left"" valign=""top"">
        <td>&nbsp;</td>
        <td>同</td>
        <td>中山　修</td>
        <td>高１９</td>
        <td>&nbsp;</td>
      </tr>
      <tr align=""left"" valign=""top"">
        <td>&nbsp;</td>
        <td>&nbsp;</td>
        <td>&nbsp;</td>
        <td>&nbsp;</td>
        <td>&nbsp;</td>
      </tr>
      <tr align=""left"" valign=""top"">
        <td>&nbsp;</td>
        <td>会　  計</td>
        <td>前田　和子</td>
        <td>高１８</td>
        <td>&nbsp;</td>
      </tr>
      <tr align=""left"" valign=""top"">
        <td>&nbsp;</td>
        <td>同</td>
        <td>中山　光</td>
        <td>高４９</td>
        <td>現職、H24.4着任</td>
      </tr>
      <tr align=""left"" valign=""top"">
        <td>&nbsp;</td>
        <td>&nbsp;</td>
        <td>&nbsp;</td>
        <td>&nbsp;</td>
        <td>&nbsp;</td>
      </tr>
      <tr align=""left"" valign=""top"">
        <td>&nbsp;</td>
        <td>会計監査</td>
        <td>秋元　公彦</td>
        <td>高２４</td>
        <td>&nbsp;</td>
      </tr>
      <tr align=""left"" valign=""top"">
        <td>&nbsp;</td>
        <td>同</td>
        <td>落合　惠子</td>
        <td>高２７</td>
        <td>&nbsp;</td>
      </tr>
      <tr align=""left"" valign=""top"">
        <td>&nbsp;</td>
        <td>&nbsp;</td>
        <td>&nbsp;</td>
        <td>&nbsp;</td>
        <td>&nbsp;</td>
      </tr>
      <tr align=""left"" valign=""top"">
        <td>&nbsp;</td>
        <td>幹　事</td>
        <td>森本　静子</td>
        <td>本２４</td>
        <td>&nbsp;</td>
      </tr>
      <tr align=""left"" valign=""top"">
        <td>&nbsp;</td>
        <td>&nbsp;</td>
        <td>谷畑　充</td>
        <td>高９</td>
        <td>&nbsp;</td>
      </tr>
      <tr align=""left"" valign=""top"">
        <td>&nbsp;</td>
        <td>&nbsp;</td>
        <td>金森　克之</td>
        <td>高１６</td>
        <td>&nbsp;</td>
      </tr>
      <tr align=""left"" valign=""top"">
        <td>&nbsp;</td>
        <td>&nbsp;</td>
        <td>小菅　俊明</td>
        <td>高１６</td>
        <td>&nbsp;</td>
      </tr>
      <tr align=""left"" valign=""top"">
        <td>&nbsp;</td>
        <td>&nbsp;</td>
        <td>相川　浩之</td>
        <td>高２７</td>
        <td>&nbsp;</td>
      </tr>
      <tr align=""left"" valign=""top"">
        <td>&nbsp;</td>
        <td>&nbsp;</td>
        <td>吉田　裕之</td>
        <td>高３２</td>
        <td>&nbsp;</td>
      </tr>
      <tr align=""left"" valign=""top"">
        <td>&nbsp;</td>
        <td>&nbsp;</td>
        <td>大島　加奈子</td>
        <td>高３９</td>
        <td>&nbsp;</td>
      </tr>
      <tr align=""left"" valign=""top"">
        <td>&nbsp;</td>
        <td>&nbsp;</td>
        <td>小沼　史彦</td>
        <td>高３９</td>
        <td>&nbsp;</td>
      </tr>
      <tr align=""left"" valign=""top"">
        <td>&nbsp;</td>
        <td>&nbsp;</td>
        <td>加藤　拓磨</td>
        <td>高５０</td>
        <td>&nbsp;</td>
      </tr>
      <tr align=""left"" valign=""top"">
        <td>&nbsp;</td>
        <td>&nbsp;</td>
        <td>&nbsp;</td>
        <td>&nbsp;</td>
        <td>&nbsp;</td>
      </tr>
    </tbody></table>",html
letter,,若竹会主催のイベント開催へのご意見を募集します,"５／１４に若竹会役員会が開催され、５／２６に検討チームで
「イベント開催」を中心に話し合いをしました。

主な内容を以下に記しますので、皆さんのご意見をお寄せ頂きたいと思います。

・検討チームメンバー：谷畑会長、小森(大宮)、前田(園部)、中山、須知の５名。

・狙い；イベント開催を通じて、若竹会の活性化と富士高との接点を多くする。

・背景；現同窓会(若竹会)の活動は、役員会と理事会を除くと、主たるものは、

　　　対同窓生：同窓会誌「若竹」の発行、Ｘ周年行事・祝賀会、同窓会名簿発行

　　　対在校生：部活動への助成、受験体験談披露、附属中学への図書寄贈

　　　対学校：諮問委員等の受諾、周年行事への協力

　　　対ＰＴＡ：？

　　　といったところでした。ごく通常の活動内容です。

今年の１／３０の会合でも出されていたように、同窓生同士の多世代に渡る交流を
図ることを目的として次のようなイベントを計画し実行してみたい。

・内容：卒業生による講演会を開催する。

　　　　講演者は、必ずしも有名人や成功者でなくとも良い。
　　　　普通人の趣味や研究発表などの情報発信で良い。

　　　　もちろん有名人や成功者の講演を歓迎します。

　　　　会場は、富士高の多目的ホールを使用させて頂く。場合によっては、
　　　　外部施設を使用することもあり得ます。

　　　　最初の開催は、平成２３年１０月以降の土曜日午後を想定しています。
　　　　頻度は三ヶ月に一回程度。

　　　　主催者は、若竹会。将来は、他の団体との共催も。

　　　　聴衆の対象は、若竹会会員、教職員、ＰＴＡ、在校生、学校周辺居住者。
　　　　テーマに応じますが、広く門戸を開放。

　　　その他のイベントのアイデアとして、

屋内イベント－落語を聴く会、ミニコンサートなど。
　　　　　　―落語研究会やアンサンブルの経験者による。

屋外イベント－ガイド・ハイキング、ガイド・
　　　　　　　ウォーキング（山岳部や地理歴史研究部の経験者によるガイド）

　　が出されています。実行可能性を検討していきます。

　　普通人の講師招聘―須知の小金井雑学大学(ボランティア)の経験では
募集すれば自薦他薦の講師希望者が多く、富士高卒業生なら多士済々であろうと
楽観的に考えています。

・今後のスケジュール

　　平成２３年７月９日(土)の若竹会理事会に上記を諮り、
併せて実行委員会(仮称)を組織して実行に向けた具体的な検討に入りたいと
考えています。

以上　よろしくご検討の上、ご意見をお寄せください。

「実行委員会メンバーに入り」のお申し出を大歓迎します。",
letter,,平成22年度　若竹会役員会議事録,"日時：平成22（2010）年6月12日14時～17時
場所：都立富士高校資料室
出席：会長含め7

１．役員・幹事
　　　役員・幹事の構成について資料に基づいて会長より説明があった。

２．若竹会「90周年記念総会（祝賀会）」の開催
　　　10月31日に開催される90周年記念総会については、5月29日の臨時理事会において、
　　17期と18期が総会の開催・運営を担当することが決まり、6月16日に第一回の打ち合
　　わせが行われることが会長より報告された。
　　　総会では現在制作進行中の90周年記念DVDのコンテンツの一部が上映され、また会
　　場の様子を撮影して同DVDに収録されること、合唱部OB/OGの合唱は現時点では行わ
　　ない予定であるが、校歌の斉唱は行うので、その協力を求めて合唱部ＯＢに連絡す
　　る必要があることなどが確認された。

３．会員名簿の刊行
　　　会員名簿の制作状況について会長から説明があった。
　　　同窓会名簿への個人情報の提供を回卒全体としてしないという決議をした回卒に
　　ついては、名前のみを羅列する形式になることが報告された。

４．ホームページの開設について
　　　ホームページの公開が始まっていることが報告され、その反響などによっては、
　　将来的にホームぺージ委員会を設立して運営を行なう必要が生じるかもしれないこ
　　となどが確認された。
　　　ホームページについては7月3日の理事会において簡単な紹介を行うことになった。

５．学校の記念行事への協力・支援
　　(1)　11月9日に中野ゼロホールで開催される高校の90周年記念式典において同窓会
　　　　への出席要請があれば対応することが確認された。
　　　　　校歌の新たな編曲を依頼している卒業生に、新編曲の校歌の披露とともに、
　　　　編曲の経緯についての講演を同窓会経由で依頼すること、編曲・講演料を同窓
　　　　会が負担することが会長より報告された。
　　　　　また、式典後の祝賀会への出席要請が学校側からあれば対応することが確認
　　　　された。
　　(2)　附属中学の開校に伴い、英語科から要請の出ていた中学校多読用英語書籍を、
　　　　同窓会が購入したことが報告された。
　　　　　実際にその授業に当たっている教員から、教育効果が非常に高いという評価
　　　　が伝えられた。

６．若竹会報創立90周年記念号及びDVD制作
　　　会誌90周年記念号の企画案は、役員会の一幹事が担当することが確認された。
　　　企画案は7月3日に理事会で呈示し、各回卒理事からの協力を募る。
　　　なお会誌は、創立90周年及び附属中学校開設を記念するものなので、学校の協力
　　を得てコンテンツの提供を求める。
　　　また、90周年記念DVDの制作状況について会長より報告があった。

７．ホームカミングデー
　　　以前より話題に上がっていたホームカミングデーについては、今年度、9月11-12日
　　の富士高祭を訪れたOB/OGが気楽に立ち寄れるようなコーナーが作れないかというア
　　イディアが出された。
　　　もしコーナーの設置が可能となれば、会報において周知を図る。

８．会計
　　　資料に基づき、平成21年度決算と平成22年度予算案の説明がなされ、7月3日の理事
　　会への提示資料として了承が得られた。
　　　後日、会計監査にかけられる。",
letter,,2010年　若竹会　臨時理事会,"日時：5月29日　土曜日　15：00～17：00
場所：富士高校　書道室
出席：29名（高校16～30回理事に出席を要請）
内容：90周年記念総会（祝賀会）について

　１　総会の期日・会場、前回の内容等についての報告（会長より）
　　(1)2010年10月31日（日）午後　新宿京王プラザ
　　(2)次第　前回（80周年）の例
　　　　開会（世話代代表）
　　　　会長挨拶　
　　　　名誉会長（学校長）挨拶　
　　　　乾杯
　　　　歓談
　　　　合唱部OB/OGによる「大地讃頌」
　　　　校歌
　　　　閉会
　　(3)参加人数　前回（80周年）の例
　　　　恩師56名
　　　　会員682名　＊当日参加38名
　　(4)会計　前回（80周年）の例
　　　　参加費　　5,000円　恩師は招待
　　　　収入　3,520,000円　参加費その他
　　　　支出　3,339,282円　宴会費用その他
　　　　差額　　180,718円　「協力会費」口座より支出
　　(5)世話役の回卒　前回は高校9回

　２　総会の内容と運営についての協議（以下、会長のメモよりまとめる）
　　　臨時の理事会は、16～30回の卒業生（50～65歳の年齢層）に絞って、各回の理事中
　　心に出席者を募って開催した。
　　　まず、80周年総会の参加者から前回の会についての感想があり、そこから活発な意
　　見交換が始まった。
　　　前回並みの規模と幅広い年齢層の予想のもと、前回のような形式・内容が適当だろ
　　うという方向に話がまとまった。
　　　今回の企画・運営を引き受けることについては、その後に役員会幹事になどに就く
　　こととは別だという確認もされた。
　　　高校17回からも高校18回からも世話役をしてもよいとの申し出があった。
　　　この2つの回卒が合同で担当することになり、出席者全員から拍手により認められた。
　　　早速、６月16日に最初の会合を持つとのことである。
　　　また、他の回の出席者からも手伝いたいとの言葉もあり、指示を待つことになった。",
letter,,2009年　第3回役員会,"日時：11月 7日　土曜日　14：00～17：00
場所：富士高校　資料室
出席： 9名
内容：今後1年間の活動

　１　90周年記念総会（祝賀会）期日・会場等
　　(1)2010年10月31日（日）午後12：00～15：00、新宿京王プラザの予定で進める。
　　(2)音楽系のアトラクションを設ける。
　　(3)20～30回卒の中から幹事学年を依頼する。（当日の補佐役として若い会卒にも）
　　(4)実施約3ヶ月前に会報により案内する。
　　(5)祝賀会及び中高一貫校開校１年間の報告記事を含めた会誌記念号を発行する。
　　　　＊学校主催の式典は11月9日（火）に中野ゼロホールで実施

　２　会員名簿発行と作業予定
　　(1)2010年1月に調査葉書郵送
　　(2)2010年創立記念日（11月5日）前後に発刊・郵送
　　(3)返答無しは前の情報で掲載（調査葉書は届いている）
　　(4)2200冊以上で成立
　　(5)住所等不明者・不掲載希望者・物故者は分かりやすく、見た目も悪くならないように工夫

　３　ホームページ開設と今後
　　(1)若竹会ホームページ開設・管理運営委員（仮称）からの報告
　　　　＊若竹会ホームページ開設・管理運営委員反省会の記事を参照
　　(2)意見等
　　　　会報の郵送希望の調査は早急にすべきだ。
　　　　会報の誤り等、ホームページ「役員会より」で訂正する。
　　　　退職者対象の「第二の人生のコーナー」のようなものが出来るとよい。",
letter,,2009年　作業部会,"日時：10月30日　金曜日　9：30～16：30
場所：富士高校　資料室
出席：５名（役員を中心とした有志）
内容：白寿お祝い26名分の郵便物作成

　　(1)宛名書き
　　(2)手紙文作成・印刷
　　(3)自家製ポストカード印刷　等
　　　　＊11月2日に発送",
letter,,2009年　若竹会ホームページ開設・管理運営委員（仮称）反省会（任意・非公式の会）,"日時：10月26日　火曜日　18：00～20：30
場所：阿佐ヶ谷　中華レストラン
出席：3名（有志）
内容：若竹会ホームページ今後の方向性

１　ホームページへの再訪促進
　　(1)定期的更新（情報の追加、アーカイブの充実等）
　　(2)確かな関連サイトとのリンクの充実
　　(3)恩師・OB寄稿依頼・募集
　　(4)会員参加要素の導入（アンケート実施、掲示板設置等）
　　(5)関係者ブログ？（事務局員またはホームページ管理運営委員による？）

２　ホームページ運営による事務の省力化
　　(1)個人情報の自己管理システムの導入
　　(2)名簿・印刷会社との電子データによる情報交換
　　(3)ニュース・更新情報の会報への原稿化（会報編集作業の省力）

３　ホームページ運営費等の抑制
　　(1)登録による通知システム導入、会報通常号郵送希望調査（→若竹会予算通信費削減）
　　(2)会員関連のバナー広告等による収入

４　問題点
　　(1)資料電子化・公開時の個人情報管理
　　(2)掲示板管理
",
letter,,21年度　若竹会　理事会,"<table width=""562"" border=""0"" cellspacing=""0"" cellpadding=""4"">
      <tbody><tr align=""center"" valign=""top"">
        <td colspan=""2""><br>
          2009/07/04(土)<br>
          於、母校　多目的室<br></td>
        </tr>
      <tr align=""left"" valign=""top"">
        <td width=""35"">挨拶</td>
        <td width=""511"">名誉会長　藤井正俊　学校長</td>
        </tr>
      <tr align=""left"" valign=""top"">
        <td>&nbsp;</td>
        <td>会　　長　谷畑　充　（高９）</td>
        </tr>
      <tr align=""left"" valign=""top"">
        <td>&nbsp;</td>
        <td>&nbsp;</td>
        </tr>
      <tr align=""left"" valign=""top"">
        <td>協議</td>
        <td>１．役員『会計』の選出（敬称略）</td>
        </tr>
      <tr align=""left"" valign=""top"">
        <td>&nbsp;</td>
        <td>&nbsp;</td>
        </tr>
      <tr align=""left"" valign=""top"">
        <td>&nbsp;</td>
        <td>（案）亀鶴雅之（高２８）</td>
        </tr>
      <tr align=""left"" valign=""top"">
        <td>&nbsp;</td>
        <td>　　　　　　　（前）岡田曉美（高３７）</td>
        </tr>
      <tr align=""left"" valign=""top"">
        <td>&nbsp;</td>
        <td>&nbsp;</td>
        </tr>
      <tr align=""left"" valign=""top"">
        <td>&nbsp;</td>
        <td>　　　『幹事』 （新）森本静子（本２４）</td>
        </tr>
      <tr align=""left"" valign=""top"">
        <td>&nbsp;</td>
        <td>　　　　　　　（新）金森克之（高１６）</td>
        </tr>
      <tr align=""left"" valign=""top"">
        <td>&nbsp;</td>
        <td>&nbsp;</td>
        </tr>
      <tr align=""left"" valign=""top"">
        <td>&nbsp;</td>
        <td>２．90周年記念行事</td>
        </tr>
      <tr align=""left"" valign=""top"">
        <td>&nbsp;</td>
        <td>　　(1)90周年記念総会　（祝賀会）</td>
        </tr>
      <tr align=""left"" valign=""top"">
        <td>&nbsp;</td>
        <td>　　　　2010年　　秋（創立記念日11月5日の前後）に開催、前回と同様</td>
        </tr>
      <tr align=""left"" valign=""top"">
        <td>&nbsp;</td>
        <td>　　　　2011年　　前回の80周年は新宿・京王プラザホテルで立食パーティー</td>
        </tr>
      <tr align=""left"" valign=""top"">
        <td>&nbsp;</td>
        <td>　　　　全会員に案内、会費振込みで受付、恩師招待、アトラクション</td>
        </tr>
      <tr align=""left"" valign=""top"">
        <td>&nbsp;</td>
        <td>&nbsp;</td>
        </tr>
      <tr align=""left"" valign=""top"">
        <td>&nbsp;</td>
        <td>　　(2)ホームカミングデー　（母校を訪ねよう）</td>
        </tr>
      <tr align=""left"" valign=""top"">
        <td>&nbsp;</td>
        <td>　　　　今後学校と協議、学校の公開日、記念総会当日の午前　など</td>
        </tr>
      <tr align=""left"" valign=""top"">
        <td>&nbsp;</td>
        <td>&nbsp;</td>
        </tr>
      <tr align=""left"" valign=""top"">
        <td>&nbsp;</td>
        <td>　　(3)90周年記念ＤＶＤの製作</td>
      </tr>
      <tr align=""left"" valign=""top"">
        <td>&nbsp;</td>
        <td>　　　　高校23回の反中 章子、増山 秀人の両氏を中心に立案、企画、</td>
      </tr>
      <tr align=""left"" valign=""top"">
        <td>&nbsp;</td>
        <td>　　　　クランクイン（取材・収録　09.3.～10.10）</td>
      </tr>
      <tr align=""left"" valign=""top"">
        <td>&nbsp;</td>
        <td>&nbsp;</td>
      </tr>
      <tr align=""left"" valign=""top"">
        <td>&nbsp;</td>
        <td>　　(4)会誌『若竹』記念号の発行</td>
      </tr>
      <tr align=""left"" valign=""top"">
        <td>&nbsp;</td>
        <td>　　　　発行予定　2011年 6月、80周年記念号・70周年記念号を参考に。</td>
      </tr>
      <tr align=""left"" valign=""top"">
        <td>&nbsp;</td>
        <td>&nbsp;</td>
      </tr>
      <tr align=""left"" valign=""top"">
        <td>&nbsp;</td>
        <td>　　(5)母校の図書館館内に『卒業生の著作コーナー（仮称）』の設置</td>
      </tr>
      <tr align=""left"" valign=""top"">
        <td>&nbsp;</td>
        <td>　　　　今後学校と協議、現在若竹会で保管しているものを移す、</td>
      </tr>
      <tr align=""left"" valign=""top"">
        <td>&nbsp;</td>
        <td>　　　　寄贈要望の受口（干刈あがた作品）、</td>
      </tr>
      <tr align=""left"" valign=""top"">
        <td>&nbsp;</td>
        <td>　　　　100周年にむけて充実</td>
      </tr>
      <tr align=""left"" valign=""top"">
        <td>&nbsp;</td>
        <td>&nbsp;</td>
      </tr>
      <tr align=""left"" valign=""top"">
        <td>&nbsp;</td>
        <td>　　(6)会員名簿の発行のための調査</td>
      </tr>
      <tr align=""left"" valign=""top"">
        <td>&nbsp;</td>
        <td>　　　　確認の往復はがき、体裁：A4版、２段組、掲載項目は現行と同じ、</td>
      </tr>
      <tr align=""left"" valign=""top"">
        <td>&nbsp;</td>
        <td>　　　　10年10月予定、予約申込分のみ発行、頒価　4300円</td>
      </tr>
      <tr align=""left"" valign=""top"">
        <td>&nbsp;</td>
        <td>&nbsp;</td>
      </tr>
      <tr align=""left"" valign=""top"">
        <td>&nbsp;</td>
        <td>３．会計報告</td>
      </tr>
      <tr align=""left"" valign=""top"">
        <td>&nbsp;</td>
        <td>　　(1)　20年度決算</td>
      </tr>
      <tr align=""left"" valign=""top"">
        <td>&nbsp;</td>
        <td>&nbsp;</td>
      </tr>
      <tr align=""left"" valign=""top"">
        <td>&nbsp;</td>
        <td>　　(2)　21年度予算</td>
      </tr>
      <tr align=""left"" valign=""top"">
        <td>&nbsp;</td>
        <td>&nbsp;</td>
      </tr>
      <tr align=""left"" valign=""top"">
        <td>&nbsp;</td>
        <td>　　　　現役生の活躍と支援</td>
      </tr>
      <tr align=""left"" valign=""top"">
        <td>&nbsp;</td>
        <td>&nbsp;</td>
      </tr>
      <tr align=""left"" valign=""top"">
        <td>&nbsp;</td>
        <td>　　　　　　男子バレー部　関東大会出場　　６／６，７　（１万）</td>
      </tr>
      <tr align=""left"" valign=""top"">
        <td>&nbsp;</td>
        <td>　　　　　　男子剣道　部　関東大会出場　　６／６，７　（３万）</td>
      </tr>
      <tr align=""left"" valign=""top"">
        <td>&nbsp;</td>
        <td>　　　　　　薙　　刀　部　関東大会出場　　６／６，７　（３万）</td>
      </tr>
      <tr align=""left"" valign=""top"">
        <td>&nbsp;</td>
        <td>　　　　　　　　　　　　　　インターハイ出場　８／　～　奈良県　（　　万）</td>
      </tr>
      <tr align=""left"" valign=""top"">
        <td>&nbsp;</td>
        <td>　　　　学校への協力・支援　図書館充実（英語多読書籍・100万）</td>
      </tr>
      <tr align=""left"" valign=""top"">
        <td>&nbsp;</td>
        <td>&nbsp;</td>
      </tr>
      <tr align=""left"" valign=""top"">
        <td>&nbsp;</td>
        <td>４．白寿の祝辞　　　『本科　五回生』</td>
      </tr>
      <tr align=""left"" valign=""top"">
        <td>&nbsp;</td>
        <td>&nbsp;</td>
      </tr>
      <tr align=""left"" valign=""top"">
        <td>&nbsp;</td>
        <td>５．その他</td>
      </tr>
      <tr align=""left"" valign=""top"">
        <td>&nbsp;</td>
        <td>&nbsp;</td>
      </tr>
    </tbody></table>",html
info,,[2013.11.26] ,"【第2回若竹会主催講演会開催のお知らせ】

今年度も「世代を超えた新しい交流のきっかけ」として
来年１月に下記の通り講演会を企画いたしました。

講師は東京・丸の内の三菱一号館美術館館長・高橋明也(高校24期)さんです。

　
　◆日時　2014年1月19日（日）13時半開場　　14時開演（15時半まで）

　◆会場　セシオン杉並　第8・9・10集会室
　　 杉並区梅里1-22-32　☎03-3317-6611　　
　　 東京メトロ丸の内線・東高円寺駅下車
　　 http://www2.city.suginami.tokyo.jp/map/detail.asp?home=H0015a　　　　
　　　　　　　
　◆会費　　500円　(大学生まで無料）　
　 参加できる方：若竹会会員及びそのご家族
　 当日会場受付にてお支払いください。

◆　申し込み　若竹会事務局まで
　 メール　　info@fuji-daigo-wakatakekai.org
　 直通電話　080-2378-7998

　　　　　
*講演終了後に、コーヒー、紅茶を飲みながら、講師を中心に同窓生が懇親を深める会も催します。美術、デザイン、建築などの世界で活躍されている方の交流会にもなればと考えています。ご都合がつけば、長年、富士高校で美術を教えてこられた佐藤美智子先生もお見えになります。こちらも、ぜひ、ご出席ください。　
講演は午後3時半に終了の予定です。会場のレイアウト変更をした後、懇親会を開きます。（懇親会の参加費2000円/全員有料となります）

*********************************

高橋明也（たかはし　あきや）氏のご紹介

三菱一号館美術館館長。
1953年生まれ。
東京芸大美術研究科修士修了課程修了。19世紀フランス美術史専攻。
1980～2006年、国立西洋美術館研究員。
1984～1986年、パリ・オルセー美術館開館準備室客員研究員。　
2006年に三菱一号館美術館の初代館長に就任、美術館開館準備に取りかかる。
2010年4月6日美術館オープン。「マネとモダン・パリ」展開催。
フランス芸術文化勲章（レジョン・デュ・シュヴァリエ）受勲。


以上よろしくお願いいたします。
　 皆様、お誘い合わせの上是非,御参加くださいませ。
　 ご来場お待ちしています。 ",
info,,[2013.10.16] ,"[[data_41.jpg]]
　都立富士高校管弦楽団47周年記念演奏会のお知らせです。
　皆さま、お誘い合わせの上是非ご来場くださいませ。


『 第3回　富士オケの仲間たちの演奏会 』　

　日時：2013年11月4日(祝)
　　　　　　13：30開場　14：00開演
　 場所：なかのZEROゼロ大ホール
　　　　　　http://www.nicesnet.jp/access/zero.html
指揮：秋山 俊樹

　曲目： リスト：交響詩「前奏曲(レ･プレリュード)」
　　　　　チャイコフスキー：イタリア奇想曲
　　　　　ベートーヴェン：交響曲第5番「運命」

　*入場料：無料 ",
info,,[2013.9.12] ,"　【第61回富士祭のお知らせ】

　今年の富士祭にも若竹会が参加することになりました。

休憩所『若竹カフェ』として歴代の卒業アルバム、校友、若竹などを展示、勿論閲覧することもできます。

落語等のイベントもする予定ですのでこの機会に是非富士高に足をお運び下さい。


場所は１階の多目的室の裏手の「教材室」です。ちょっと分かりにくいかと思いますが
パンフレットに記載されている案内図をご覧になって富士高校舎内を探検がてらいらして下さい。

お飲み物をご用意して皆様のお越しをお待ちしています。


　日時　9月14日(土)10時～16時
　　　　9月15日(日）9時～15時30分 ",
info,,[2013.8.23] ,"高校35回卒3年I組のクラス会のお知らせです。

　**************************　


35期卒業時I組（担任石塚先生）のクラス会に向けて
連絡先の確認をしています。
同窓会名簿にある住所へ案内状が届いている頃かと思いますが、
届いていない方は幹事連絡先のアドレスへご一報願えればと思います。

　 日時：2013年11月16日　16:00～（予定）
　場所：新宿か中野周辺

幹事：沢辺・斜森・足立・古屋・長友

連絡先：kazuhiro.sawabe@fujixerox.co.jp



***************************

　以上よろしくお願いします。 ",
info,,[2013.4.9] ,"[[data_38.jpg]]
本日、平成25年度の入学式が執り行われました。


　　高等学校入学者　195名　（男子 93名　女子 102名）
　　附属中学入学者 120名　（男子 60名　女子　60名）

315名の新入生の皆様、ご入学おめでとうございます。",
info,,[2013.3.22] ,"[[data_37.jpg]]
本日、都立富士高等学校附属中学校の第1回卒業式が執り行われました。

　卒業生119名　男子53名　女子66名
　
　ご卒業おめでとうございます。 ",
info,,[2013.3.21] ,"[[data_36.jpg]]
富士高校管弦楽部の定期演奏会があります。
　皆様、是非足をお運びください。


日時：2013年3月31日(日)
場所：なかのゼロ大ホール
指揮：高石 治

曲目：
　 チャイコフスキー／音楽物語「くるみ割り人形」
　 デバルト／パイレーツ・オブ・カリビアン
　 J.シュトラウスII／ウィーンの森の物語
入場料：無料

開場：13:20
開演：14:00

*13:30より舞台上にて中学生によるロビーコンサートが行われます。 ",
info,,[2013.3.13],"[[data_35.jpg]]
3月7日(木)に富士高校の卒業式が執り行われました。

　卒業生は男子200名、女子200名、合計400名

　今回の卒業生は第65回卒になります。

　皆さん、よろしくお願いします。",
info,,[2012.11.5] ,"[[data_34.jpg]]
本日11月5日は富士高校の開校記念日です。


　　若竹会では開校記念日に合わせ昨年同様、白寿のお祝いのお手紙と　
　　旧校舎の絵画・「寿」百態の写真を送らせて頂きました。

　　【今年白寿をお迎えになられる方】　
　　　　本科8回卒(昭和6年卒業)の12名。
　　
　　　おめでとうございます。
　　　これからもますますお元気でいらっしゃいますように。


　　*またお手紙の制作にあたり本科26回卒の猪狩恭子様に
　　　御協力頂きました。ありがとうございました。 ",
info,,[2012.11.2] ,"9月25日(火)、高校41回卒のギタリスト小林信一さんが昨年、一昨年に引き続き
今年も軽音楽部を訪問して下さいました。

生徒たちのバンド演奏へのアドバイス、ギターのチェック、 その他質疑応答など
充実した交流会になりました。

またご本人の著書である教則本、オリジナルピックの寄贈もして頂きました。　


　　＊写真掲載しています。",
info,,[2012.9.30],"　【第1回若竹会主催講演会開催のお知らせ】


　下記の通り高校32回卒業のお二人の講師の方にお話して頂きます。


　◆日時　2012年10月13日（土）9時開場　　9時15分開演

　◆会場　なかのzero視聴覚ホール（中野ゼロホール）

　　　　　中野駅南口から、線路伝いに東中野方面へ徒歩８分
　　　　　地図　http://www.nicesnet.jp/access/zero.html
　
　◆講演　9時20分～10時20分　安井清子さん

　　　　　10時20分～10時40分　　休憩

　　　　 10時40分～11時40分　川口健一さん　　　　
　
　　　　
　　　　　　　
　◆参加費　　500円　(学生の方は無料）　
　　　　　
　　　　　　*ラオスモン族の刺繍民芸品など、
　　　　　　　　チャリティグッズの販売もあります。

　
　　　　　
　◆講師の方のプロフィールはこちら

　　[[20121013profile.pdf:link]]

　

　　以上よろしくお願いいたします。


　皆様、お誘い合わせの上是非お越しくださいませ。
　ご来場お待ちしています。 ",
info,,[2012.9.4] ,"【富士祭パンフレット】
[[data_31.jpg]]

[[data_30.jpg]]


今年の富士祭（旧富士高祭）に若竹会も参加することになりました。

休憩所として歴代の卒業アルバム、校友、若竹などを展示、勿論閲覧することもできます。

90周年の時に作成したビデオも流します。

この機会に是非富士高に足をお運び下さい。

懐かしい高校時代の思い出に浸ることができると思います。


場所は１階の多目的室の裏手の「教材室」です。ちょっと分かりにくいかと思いますがパンフレットに記載されている案内図をご覧になって富士高校舎内を探検がてらいらして下さい。

お飲み物をご用意して皆様のお越しをお待ちしています。

　日時　9月8日(土)10時～16時
　　　　9月9日(日）9時～15時30分 ",
info,,［2012.5.4］ ,"[[data_25.jpg]]
　4月21日（土）　14時～17時

　富士高若竹会室（元教材室）にて役員会が開催されました。

　【議題】

　　①2011(平成23)年度若竹会決算作業
　
　　②2012(平成24)年度若竹会予算

　　③分科会報告

　　④同窓会会員情報の収集と活用について
　　　　（同窓会誌発行やイベント開催等に向け） ",
info,,[2012.5.4] ,"4月7日(土)は富士高の入学式でした。

　中学3クラス　120名
　高校5クラス　200名　　新入生合計320名　

　今年度で中高6学年全部揃いました。",
info,,[2012/3/15] ,"[[data_23.jpg]]
　富士高校管弦楽部の定期演奏会があります。

　　是非足をお運びください。",
info,,[2012/02/27] ,"[[data_21.jpg]]
2012年2月18日(土)　13時～17時　

　　富士高資料室にて役員会が開催されました。

　　第一部　13時～15時半「イベント企画」と「同窓会誌編集」の分科会。

　　第二部　15時半～17時　役員会

　　
　　　＊詳細については後日お知らせします。
　　　＊役員会の後に懇親会が行われました。",
info,,[2011/12/17],"[[data_20.jpg]]
情報提供のお願い

現在トップページを飾っている旧校舎の内外を描いた絵画は若竹会の部屋に長年展示されているものです。
残念ながら何時、どなたがお描きになり、どういった経緯で若竹会部室に置かれているのかが分かりません。
作者の方、来歴をご存知の方がいらしたら、若竹会事務局まで是非ご一報頂きたいと思います。
情報提供をお待ちしております。 ",
info,,[2011/12/16] ,"[[data_19.jpg]]
12月3日(土)に役員会が開催されました。

　新役員への引継ぎ事項確認、その他イベント開催等の話し合いが行われました。 ",
info,,[2011/11/8] ,"[[data_18.jpg]]
　白寿のお祝いのお手紙を11月2日(水)に送らせて頂きました。
　（旧校舎と｢寿」百態の写真、折鶴を同封しました）　


　　 【今年白寿をお迎えになられる方19名】

　　　　 　本科第7回　(昭和5年卒業）18名
　　　　 　専攻科第4回(昭和8年卒業）1名

　　おめでとうございます。今後ともお元気でお過ごしくださいませ。



　*10月31日(月)のお手紙の制作にあたり下記のお二人にご協力頂きました。
　　有難うございました。

　　　本科17回　田渕佐智子様
　　　本科26回　猪狩恭子様 ",
info,,[2011/10/11] ,"[[data_16.jpg]]
　　｢ 第2回　富士オケの仲間たちの演奏会」への招待状を頂きました。


　　 【日時】　2011年10月30日（日）1330開場　1400開演

　 　 【会場】　江戸川区総合文化センター大ホール（全席自由）

　　　　　　　http://edogawa-bunkacenter.jp/index.html

　 　 【指揮】　秋山俊樹（高17回）

　　

　
　 　 観覧ご希望の方は事務局への連絡フォーム、または

　　 大森正敏様（高35回）まで
　　　　　
　　　　　 http://www.fpob.net/


　　　　　
　皆様のご来場をお待ちしています。 ",
info,,[2011/09/25] ,"[[data_14.jpg]]
『若竹』90周年記念号とDVDが発送されました。

　そろそろお手元に届く頃かと思います。

　ご覧になった感想・ご意見等ございましたら事務局の方まで
　お寄せ下さい。

　よろしくお願いします。 ",
info,,[2011/09/22],"【若竹会主催のイベント開催へのご意見を募集します】

５／１４に若竹会役員会が開催され、５／２６に検討チームで
「イベント開催」を中心に話し合いをしました。

主な内容を以下に記しますので、皆さんのご意見をお寄せ頂きたいと思います。

・検討チームメンバー：谷畑、小森(大宮)、前田(園部)、中山、須知の５名。

・狙い；イベント開催を通じて、若竹会の活性化と富士高との接点を多くする。

・背景；現同窓会(若竹会)の活動は、役員会と理事会を除くと、主たるものは、

　　　対同窓生：同窓会誌「若竹」の発行、Ｘ周年行事・祝賀会、同窓会名簿発行

　　　対在校生：部活動への助成、受験体験談披露、附属中学への図書寄贈

　　　対学校：諮問委員等の受諾、周年行事への協力

　　　対ＰＴＡ：？

　　　といったところでした。ごく通常の活動内容です。

今年の１／３０の会合でも出されていたように、同窓生同士の多世代に渡る交流を
図ることを目的として次のようなイベントを計画し実行してみたい。

・内容：卒業生による講演会を開催する。

　　　　講演者は、必ずしも有名人や成功者でなくとも良い。
　　　　普通人の趣味や研究発表などの情報発信で良い。

　　　　もちろん有名人や成功者の講演を歓迎します。

　　　　会場は、富士高の多目的ホールを使用させて頂く。場合によっては、
　　　　外部施設を使用することもあり得ます。

　　　　最初の開催は、平成２３年１０月以降の土曜日午後を想定しています。
　　　　頻度は三ヶ月に一回程度。

　　　　主催者は、若竹会。将来は、他の団体との共催も。

　　　　聴衆の対象は、若竹会会員、教職員、ＰＴＡ、在校生、学校周辺居住者。
　　　　テーマに応じますが、広く門戸を開放。

　　　その他のイベントのアイデアとして、

屋内イベント－落語を聴く会、ミニコンサートなど。
　　　　　　―落語研究会やアンサンブルの経験者による。

屋外イベント－ガイド・ハイキング、ガイド・
　　　　　　　ウォーキング（山岳部や地理歴史研究部の経験者によるガイド）

　　が出されています。実行可能性を検討していきます。

　　普通人の講師招聘―須知の小金井雑学大学(ボランティア)の経験では
募集すれば自薦他薦の講師希望者が多く、富士高卒業生なら多士済々であろうと
楽観的に考えています。

以上　よろしくご検討の上、ご意見をお寄せください。

「実行委員会メンバー」への参加のお申し出を大歓迎します。

　　（新会長　須知正度）",
info,,[2011/09/16] ,"【90周年記念DVDビデオがまもなく届きます】

高校23回卒の反中と申します。

先日の32回卒・吉田裕之さんのメールを拝見し、世代を超えても、やっぱり私たちは学校というひとつの大きな流れの中にいるということ実感して感銘を受けました。ありがとうございました。

折りしも、90周年記念の冊子「若竹」と共に、DVDビデオ「こころの学び舎」がまもなく会員のお手元に届きます。
これは、第五高女から現在に至る年月の節目を取り上げた42分間の映像です。是非視聴してください。

いみじくも、谷畑先生は「人的資産を共有しましょう」とおっしゃいました。
まさに富士高人脈は「宝の山」と言ってよいものです。これを活用しない手はありません。
私たちも、映像という手段によって、今後も富士高の豊かな資産を伝える活動をしてゆきたいと思います。

90周年ビデオ制作班：反中章子（旧姓：梅田） ",
info,,[2011/09/05] ,"[[data_11.jpg]]
この週末に『第59回富士祭』が開催されます。

　是非この機会に母校へ足をお運び下さい。　


　9月10日（土）　1日目　発表・展示　10時～16時
　9月11日（日）　2日目　発表・展示　9時～15時30分　　


　　※上履き（スリッパ）を必ずお持ちください。
　　※節電中につき、暑さが予想されます。団扇などお持ちください。
　　※ただいま校舎改築中につき、駐車スペースがありません。自動車での来校はご遠慮ください。
　　　また、自転車での来校も極力ご遠慮ください。
　　※校舎内は全面禁煙です。
　　※10日（土）の招待試合（男子バスケットボール）は,9時10分開始です。ご注意ください。
　　　また、入場は体育館からお願いいいたします。
　
　　以上

　　卒業生の皆様のご来校をお待ちしています。 ",
info,,[2011/03/08] ,"[[data_10.jpg]]
写真部の関東地区高等学校写真展及び全国高等学校総合文化祭への出品を記念し、校舎に垂れ幕が掲げられました。",
info,,[2011/02/04],"「若竹」90周年記念号の
「あの頃のわたし、今のわたし」のコーナーへの寄稿を只今募集しています。


　中高一貫校化が目前に迫った時期に高校生活を送られた若い同窓生の皆さんも新たな歩みを
母校が始める時期に刊行される今回の90周年記念号に是非寄稿してみませんか？


　編集は臨機応変に対応できますので、これ以外にも、どうぞ各回卒の個性を存分に発揮して
一文をお寄せいただきますようお願いします。


　●原稿の字数　　　　400字～800字程度
　
　●締め切り　　　　　2011年2月末日

　●投稿・問合せ先　　若竹会事務局

　　　郵送の場合　164-0013　
　　　　　　　　　中野区弥生町5-21-1
　　　　　　　　　　都立富士高校　若竹編集部　宛　　


　　　Eメールアドレス　info@fuji-daigo-wakatakekai.org


　　　*なお電話でのお問い合わせはご遠慮下さい。

　　　*編集の都合で内容に差し障りのない範囲で多少の修正をさせていただく場合がありますこと、
あらかじめ御諒承ください。


　以上よろしくお願い致します。

　皆様からのご寄稿をお待ちしています。　　 ",
info,,[2010/10/26] ,"10月31日(日)の創立90周年記念総会は

　　当日参加も可能になりました。

　　お申込みは不要です。　

　　皆様お誘い合せの上、直接会場までいらして下さい。 ",
info,,[2010/10/08] ,"記念総会(祝賀会)当日のお手伝いの方を募集！しています。


下記の要領で、説明会を開催しますので、

当日のお手伝いを頂ける方々　お集まりください。

・１０月１５日(金)　１９：００～

・富士高多目的ホール

・10月31日の記念総会(祝賀会)当日の流れと役割分担他 ",
info,,[2010/9/29] ,"90周年総会参加の申込み期限が延長されました。

まだ暫くは受付致しますのでよろしくお願いします。 ",
info,,[2010/9/14] ,"　創立90周年総会の申込み期限は9月24日です。

　参加される方はお早目にお申込み下さい。


　【振込用紙が無い方は下記まで】

　　　　ゆうちょ銀行

　　　　口座記号番号　00160-7-274847

　　　　 加入者名　　東京都立富士高等学校若竹会90周年記念会
　　　　
　　　　　金額　　　　6,000円
　　　
　　　　　※必ず卒回、または卒業年度を明記して下さい。


　以上よろしくお願い致します。

皆様、お誘い合せの上是非ご参加下さい",
info,,[2010/7/31] ,「若竹」38号が発行されました。 ,
info,,[2010/04/14],"4月7日(水)に下記の方々に郵便物が発送されました。

　　　①名簿予約者
　　　②広告予約者
　　　③賛助金予約者

　以上確認よろしくお願い致します。 ",
info,,［2010/3/5］ ,"１月末に郵送した書類のお返事はして頂けましたでしょうか？


住所等名簿に掲載を希望されない場合は必ず「不掲載」ということを明記して
確認ハガキ等でお知らせ下さい。

（申し訳ありませんが若竹会のＨＰでは受け付けておりません）


お返事がない場合はそのまま名簿に掲載されてしまいますのでご注意下さい",
info,,［2010/1/28］,"本日１月２８日（金）に名簿作成の為の事前調査の封書（案内状・確認カード）が発送されました。

会員の皆様のお手元には、順次届く予定です。 ",
archive,,アーカイブ,"<table width=""562"" border=""0"" cellspacing=""0"" cellpadding=""4"">
  <tbody><tr align=""center"">
    <td><a href=""magazine"">[[magazine_icon.jpg(128,128):nolink]]</a></td>
    <td><a href=""anniv_mag"">[[anniv_mag_icon.jpg(128,128):nolink]]</a></td>
    <td><a href=""song"">[[song_icon.jpg(128,128):nolink]]</a></td>
  </tr>
  <tr align=""center"">
    <td><a href=""photo_album"">[[photo_album_icon.jpg(128,128):nolink]]</a></td>
    <td>&nbsp;</td>
    <td>&nbsp;</td>
  </tr>
</tbody></table>",html
link,, リンク集（リンクのお申し込みに際しましてはリンクに関する基準を参照ください）,"<table width=""500"" border=""0"" cellspacing=""0"" cellpadding=""8"" style: ""margin: 0 auto;"">
  <tbody><tr bgcolor=""#FFFFCC"">
    <td colspan=""2"" align=""center"" valign=""middle"">バナーをクリックすると新しいウインドウが開き、リンク先のホームページが表示されます</td>
    </tr>
  <tr>
    <td width=""280"" align=""center"" valign=""middle""><a href=""http://www.fuji-h.metro.tokyo.jp/"" target=""_blank"">[[banner_fuji-j.jpg(200,40):nolink]]</a></td>
    <td width=""204"" align=""center"" valign=""middle"">東京都立富士高等学校</td>
  </tr>
  <tr>
    <td width=""280"" align=""center"" valign=""middle""><a href=""http://fac.coolsite.co.jp/"" target=""_blank"">[[banner_FAC.jpg(200,40):nolink]]</td>
    <td align=""center"" valign=""middle"">富士高山岳部ＯＢ会</td>
  </tr>
  <tr>
    <td align=""center"" valign=""middle""><a href=""http://4.pro.tok2.com/~fujiko1975/"" target=""_blank""><img src=""banner_F1975net.gif:nolink]]</a></td>
    <td align=""center"" valign=""middle"">都立富士高校<br>
      昭和50年卒ホームページ</td>
  </tr>
  <tr>
    <td align=""center"" valign=""middle""><a href=""http://www.aoi-save.com/index.php"" target=""_blank"">[[banner_aoi-save.jpg:nolink]]</a></td>
    <td align=""center"" valign=""middle"">あおいちゃんを救う会</td>
  </tr>
  <tr>
    <td align=""center"" valign=""middle""><a href=""http://fuji.sppd.ne.jp/blog/"" target=""_blank"">[[banner_1971.jpg:nolink]]</a></td>
    <td align=""center"" valign=""middle"">富士高1971年（昭和46年）卒<br>
      毎日書き手が変わるデイリーブログ</td>
  </tr>
</tbody>
</table>",html
link,kijun, リンクに関する基準,"若竹会ホームページと他のサイト等とのリンクに関する基準


他のサイト等から若竹会ホームページにリンクを設定する場合

１　リンク・フリーの原則
　若竹会ホームページへのリンクの設定については、原則、リンク・フリーとし、若竹会のトップページにリンクするものとする。

２　責任の範囲
　リンク元のサイトの内容は、そのサイトの管理者等に帰属し、若竹会とは関係ないものであり、リンク元のサイトの内容等について若竹会はいかなる責任も負わない。

３　その他
　若竹会ホームページの内容に関する変更又は移動があっても、原則、若竹会はリンクを設定した他のサイト等の管理者への通知は行わない。


若竹会ホームページから他のサイト等にリンクを設定する場合

１　リンク設定の基準
　若竹会ホームページから他のサイト等にリンクを設定する場合は、以下の３、４に掲げる条件を満たすことが必要である。

２　責任の範囲
　リンクの設定によりリンク先のサイトの内容等を、若竹会が推薦するものではない。また、リンク先のサイトの内容は、そのサイトの管理者等に帰属し、若竹会とは関係ないものであり、若竹会はいかなる責任も負わない。

３　リンクの対象
　若竹会ホームページから他のサイト等へのリンクを設定する対象は、次に掲げるものとする。
　(1) 都立富士高等学校が公式に運営するもの
　(2) 府立第五高等女学校又は都立富士高等学校卒業生から成る確かな組織（各期同期会、部・同好会のＯＢ・OG 会等）が運営するもの
　(3) 現任又は旧教職員、在校生又は卒業生が個人的に運営するもので、若竹会会員に有益・参考になると思われるもの、又は若竹会会員の相互交流を推進すると思われるもの
　(4) 上記以外であっても、特に、若竹会会員に有益・参考になると思われるもの、又は若竹会会員の相互交流を推進すると思われるもの

４　リンクの条件
　若竹会ホームページからリンクを設定する他のサイト等は、次に掲げる内容を含まないものとする。
　(1) 公序良俗に反する記述を含むもの
　(2) アダルト・コンテンツ（性的・暴力的描写など）を含むもの
　(3) 第三者の財産・プライバシーを侵害する内容、または誹謗中傷を含むもの
　(4) 犯罪行為に結びつくもの、又は違法な内容を含むもの
　(5) 専ら特定の宗教・思想・政治団体の宣伝を行うもの、又はこれらに類すると認められるもの
　(6) 著作権法、その他関係法令に抵触する内容を含むもの
　(7) 不正アクセス、システムの停止など誤作動を引き起こす内容を含むもの

５　リンク設定の手続き
　(1) 上記３、４に掲げる条件を満たしたサイトの所有者、又は特定のサイトへのリンクの設定を推薦する者は、文書又は電子メールにより若竹会にリンクの申し込みができる。
　(2) 若竹会役員会又はそこから若竹会ホーページの管理・運営を委嘱された者は、申し込み内容を審査してリンク設定の可否を判断し、文書又は電子メールにより申込者にその結果を通知する。
　(3) リンクの設定を推薦されたサイトがリンク基準に合致すると判断した場合は、若竹会は該当サイトの所有者にリンクの可否を問い合わせ、承認を得た場合にリンクの設定を行う。

６　リンク専用ページの設定
　他のサイト等へのリンクの設定は、原則、リンク専用の「リンク集」のページに掲載する。ただし、特定の項目・事業に関係してリンクを設定する必要があると認めるときは、その項目・事業を掲載するページにリンクを設定することがある。また、特に必要と認めるものについては、トップページ上にバナーを貼付することもある。

７　リンクの解除
　若竹会ホームページの「リンク集」のページに掲載されたサイトが、次に掲げる事項に該当する場合はリンクの設定を解除する。
　(1) 上記３、４に適合しなくなったとき
　(2) 長期にわたりリンク先のサイトが表示されないとき、又はリンク先のサイトの実態が存在しなくなったとき
　(3) リンク先のサイトの所有者からリンク解除の申し出があったとき
　(4) その他若竹会ホームページ管理者がホームページの運用上必要と認めるとき

８．免責事項
　(1) 若竹会が上記の基準・手続きによりリンクの設定を行なうこと若しくは行なわないこと、又はリンクの設定を解除することを原因として被ったとする被害・不利益に関して、若竹会はその賠償の責めを負わない。
(2) 若竹会は、リンクの設定を行なうこと若しくは行なわないこと、又はリンクの設定を解除することについて、その理由を開示する責任を負わない。

９．その他
　この基準に定められていない他の必要な事項については、若竹会役員会が別に定める。",
form,,事務局への連絡,"<iframe src=""https://docs.google.com/forms/d/1QCxLLYBC06hR3-ZevuFtMEB9GXFLuE8eorpMQVP52NI/viewform"" style=""width: 560px; height:800px; border:none;""></iframe>
<br>
<br>
<br>
うまく表示されない方は<a href=""https://docs.google.com/forms/d/1QCxLLYBC06hR3-ZevuFtMEB9GXFLuE8eorpMQVP52NI/viewform"">こちら</a>をクリックしてください",html
ucontact,,会員連絡先変更,"<iframe src=""https://docs.google.com/forms/d/16S7K3Mt8E13qVD6uaVGMmXbW5_UNHKttD1Jh9c1W9TY/viewform"" style=""width: 560px; height:800px; border:none;""></iframe>
<br>
<br>
<br>
うまく表示されない方は<a href=""https://docs.google.com/forms/d/16S7K3Mt8E13qVD6uaVGMmXbW5_UNHKttD1Jh9c1W9TY/viewform"">こちら</a>をクリックしてください",html
photo_album,gallery_22,第61回富士祭が開催されました（2013年9月14日～15日）,[[__gallery__]],
photo_album,gallery_21,第61回富士祭が開催されます（2013年9月14日～15日）,[[__gallery__]],
photo_album,gallery_20,体育祭（2013年6月4日）,[[__gallery__]],
photo_album,gallery_19,平成25年度入学式（2013年4月9日）,[[__gallery__]],
photo_album,gallery_18,付属中学校第１回卒業式（2013年3月22日）,[[__gallery__]],
photo_album,gallery_17,第65回卒業式（2013年3月7日）,[[__gallery__]],
photo_album,gallery_16,41回卒のギタリスト小林信一氏が軽音部を訪問。<br>激励と教本寄贈を頂きました（2012年9月25日）,[[__gallery__]],
photo_album,gallery_15,第60回富士祭開催（2012年9月8日～9日）,[[__gallery__]],
photo_album,gallery_14,第60回富士祭開催予告,[[__gallery__]],
photo_album,gallery_13,校舎屋上からの富士山　-今年異動された小川先生ご撮影-,[[__gallery__]],
photo_album,gallery_12,富士高入学式（2012年4月7日）,[[__gallery__]],
photo_album,gallery_11,第64回卒業式（2012年3月7日）,[[__gallery__]],
photo_album,gallery_10,合唱祭（2012年2月16日）なかのZERO大ホール,[[__gallery__]],
photo_album,gallery_09,若竹会所蔵絵画で偲ぶ旧校舎,[[__gallery__]],
photo_album,gallery_08,第59回富士祭（2011年9月10日～11日）,[[__gallery__]],
photo_album,gallery_07,高校41回卒小林信一さん(ギタリスト）が軽音部訪問,[[__gallery__]],
photo_album,gallery_06,2011年度理事会（2011年7月9日）,[[__gallery__]],
photo_album,gallery_05,富士高体育祭（2011年6月7日）,[[__gallery__]],
photo_album,gallery_04,富士高入学式（2011年4月7日）,[[__gallery__]],
photo_album,gallery_03,富士高卒業式（2011年3月8日）,[[__gallery__]],
photo_album,gallery_02,PTA主催90周年行事,[[__gallery__]],
photo_album,gallery_01,創立九十周年記念総会（2010年10月31日）,[[__gallery__]],
